--
-- PostgreSQL database dump
--

\restrict fgSsY4RITFn49bh92IbciANDYuISbMK0fiT8uMnVocydxM9KAM3NbzGHhVOLgi4

-- Dumped from database version 18.0
-- Dumped by pg_dump version 18.0

-- Started on 2025-12-02 21:30:09

SET statement_timeout = 0;
SET lock_timeout = 0;
SET idle_in_transaction_session_timeout = 0;
SET transaction_timeout = 0;
SET client_encoding = 'UTF8';
SET standard_conforming_strings = on;
SELECT pg_catalog.set_config('search_path', '', false);
SET check_function_bodies = false;
SET xmloption = content;
SET client_min_messages = warning;
SET row_security = off;

DROP DATABASE mercado_db;
--
-- TOC entry 5234 (class 1262 OID 16388)
-- Name: mercado_db; Type: DATABASE; Schema: -; Owner: postgres
--

CREATE DATABASE mercado_db WITH TEMPLATE = template0 ENCODING = 'UTF8' LOCALE_PROVIDER = libc LOCALE = 'Spanish_Mexico.1252';


ALTER DATABASE mercado_db OWNER TO postgres;

\unrestrict fgSsY4RITFn49bh92IbciANDYuISbMK0fiT8uMnVocydxM9KAM3NbzGHhVOLgi4
\connect mercado_db
\restrict fgSsY4RITFn49bh92IbciANDYuISbMK0fiT8uMnVocydxM9KAM3NbzGHhVOLgi4

SET statement_timeout = 0;
SET lock_timeout = 0;
SET idle_in_transaction_session_timeout = 0;
SET transaction_timeout = 0;
SET client_encoding = 'UTF8';
SET standard_conforming_strings = on;
SELECT pg_catalog.set_config('search_path', '', false);
SET check_function_bodies = false;
SET xmloption = content;
SET client_min_messages = warning;
SET row_security = off;

--
-- TOC entry 5225 (class 0 OID 17674)
-- Dependencies: 246
-- Data for Name: afecta; Type: TABLE DATA; Schema: public; Owner: postgres
--

COPY public.afecta (id_prediccion, id_factor, peso) FROM stdin;
\.


--
-- TOC entry 5227 (class 0 OID 17687)
-- Dependencies: 248
-- Data for Name: alerta; Type: TABLE DATA; Schema: public; Owner: postgres
--

COPY public.alerta (id_alerta, id_usuario, mensaje, tipo_alerta, fecha_creacion, leida) FROM stdin;
1	1	✅ PRECIO ESTABLE: Ají (kg) tiene baja volatilidad (3.4%), ideal para planificación	precio_estable	2025-12-02 13:08:31.223971	f
2	1	✅ PRECIO ESTABLE: Ají (kg) tiene baja volatilidad (3.4%), ideal para planificación	precio_estable	2025-12-02 13:08:37.181315	f
3	1	✅ PRECIO ESTABLE: Ala de Pollo (kg) tiene baja volatilidad (3.8%), ideal para planificación	precio_estable	2025-12-02 13:08:45.316805	f
4	1	✅ PRECIO ESTABLE: Azúcar (kg) tiene baja volatilidad (4.1%), ideal para planificación	precio_estable	2025-12-02 13:08:55.372819	f
5	1	✅ PRECIO ESTABLE: Carne de Cerdo (kg) tiene baja volatilidad (1.8%), ideal para planificación	precio_estable	2025-12-02 13:09:02.229552	f
6	1	✅ PRECIO ESTABLE: Comino (kg) tiene baja volatilidad (2.7%), ideal para planificación	precio_estable	2025-12-02 13:09:25.750881	f
7	1	✅ PRECIO ESTABLE: Durazno (kg) tiene baja volatilidad (4.8%), ideal para planificación	precio_estable	2025-12-02 13:09:32.788993	f
8	1	✅ PRECIO ESTABLE: Quesillo (kg) tiene baja volatilidad (4.2%), ideal para planificación	precio_estable	2025-12-02 13:09:56.780255	f
9	1	✅ PRECIO ESTABLE: Quesillo (kg) tiene baja volatilidad (4.2%), ideal para planificación	precio_estable	2025-12-02 13:10:01.424963	f
10	1	✅ PRECIO ESTABLE: Yogurt Natural (litro) tiene baja volatilidad (3.7%), ideal para planificación	precio_estable	2025-12-02 13:10:07.609619	f
11	1	✅ PRECIO ESTABLE: Avena (kg) tiene baja volatilidad (3.1%), ideal para planificación	precio_estable	2025-12-02 17:44:52.384442	f
\.


--
-- TOC entry 5207 (class 0 OID 17511)
-- Dependencies: 228
-- Data for Name: categorias; Type: TABLE DATA; Schema: public; Owner: postgres
--

COPY public.categorias (id_categoria, nombre, descripcion, fecha_registro, activo) FROM stdin;
1	Frutas	Productos frutales	2025-11-29 18:38:22.738182	t
2	Verduras	Hortalizas y verduras	2025-11-29 18:38:22.754114	t
3	Tubérculos	Papa, yuca, etc.	2025-11-29 18:38:22.755937	t
4	Cereales	Arroz, maíz, quinua, etc.	2025-11-29 18:38:22.756895	t
5	Carnes	Carnes rojas y blancas	2025-11-29 18:38:22.757506	t
6	Lácteos	Leche, queso, yogurt	2025-11-29 18:38:22.75806	t
7	Otros	Productos varios	2025-11-29 18:38:22.758838	t
\.


--
-- TOC entry 5218 (class 0 OID 17609)
-- Dependencies: 239
-- Data for Name: considera; Type: TABLE DATA; Schema: public; Owner: postgres
--

COPY public.considera (id_consulta, id_factor, impacto) FROM stdin;
\.


--
-- TOC entry 5215 (class 0 OID 17579)
-- Dependencies: 236
-- Data for Name: consulta_precio; Type: TABLE DATA; Schema: public; Owner: postgres
--

COPY public.consulta_precio (id_consulta, id_usuario, id_producto, fecha_consulta, precio_visto) FROM stdin;
\.


--
-- TOC entry 5217 (class 0 OID 17598)
-- Dependencies: 238
-- Data for Name: factor_influyente; Type: TABLE DATA; Schema: public; Owner: postgres
--

COPY public.factor_influyente (id_factor, tipo_factor, descripcion_f, f_i, f_f, fecha_registro) FROM stdin;
\.


--
-- TOC entry 5228 (class 0 OID 17704)
-- Dependencies: 249
-- Data for Name: genera; Type: TABLE DATA; Schema: public; Owner: postgres
--

COPY public.genera (id_alerta, id_prediccion) FROM stdin;
\.


--
-- TOC entry 5213 (class 0 OID 17562)
-- Dependencies: 234
-- Data for Name: historial_p; Type: TABLE DATA; Schema: public; Owner: postgres
--

COPY public.historial_p (id_historial, id_producto, fecha_registro, stock, fuente, observaciones) FROM stdin;
1	1	2025-10-06 13:32:47.17885	480	Manual - Sistema	Precio actualizado de 4.00 a 3.50 Bs en Mercado Campesino
2	1	2025-10-13 13:32:47.17885	520	Manual - Sistema	Precio actualizado de 3.50 a 3.20 Bs en Mercado Campesino
3	1	2025-10-21 13:32:47.17885	500	Manual - Sistema	Precio actualizado de 3.20 a 3.50 Bs en Mercado Campesino
4	1	2025-10-28 13:32:47.17885	510	Manual - Sistema	Precio actualizado de 3.50 a 3.70 Bs en Mercado Campesino
5	1	2025-11-04 13:32:47.17885	495	Manual - Sistema	Precio actualizado de 3.70 a 3.40 Bs en Mercado Campesino
6	1	2025-11-11 13:32:47.17885	505	Manual - Sistema	Precio actualizado de 3.40 a 3.50 Bs en Mercado Campesino
7	1	2025-11-18 13:32:47.17885	500	Manual - Sistema	Precio actualizado de 3.50 a 3.60 Bs en Mercado Campesino
8	1	2025-11-25 13:32:47.17885	490	Manual - Sistema	Precio actualizado de 3.60 a 3.50 Bs en Mercado Campesino
9	31	2025-10-03 13:32:47.17885	350	Manual - Sistema	Precio actualizado de 6.00 a 5.00 Bs en Mercado Campesino
10	31	2025-10-10 13:32:47.17885	380	Manual - Sistema	Precio actualizado de 5.00 a 4.50 Bs en Mercado Campesino
11	31	2025-10-17 13:32:47.17885	420	Manual - Sistema	Precio actualizado de 4.50 a 5.50 Bs en Mercado Campesino
12	31	2025-10-24 13:32:47.17885	390	Manual - Sistema	Precio actualizado de 5.50 a 5.20 Bs en Mercado Campesino
13	31	2025-10-31 13:32:47.17885	410	Manual - Sistema	Precio actualizado de 5.20 a 4.80 Bs en Mercado Campesino
14	31	2025-11-07 13:32:47.17885	400	Manual - Sistema	Precio actualizado de 4.80 a 5.00 Bs en Mercado Campesino
15	31	2025-11-14 13:32:47.17885	395	Manual - Sistema	Precio actualizado de 5.00 a 5.20 Bs en Mercado Campesino
16	31	2025-11-21 13:32:47.17885	400	Manual - Sistema	Precio actualizado de 5.20 a 5.00 Bs en Mercado Campesino
17	67	2025-10-07 13:32:47.17885	680	Manual - Sistema	Precio actualizado de 4.20 a 4.00 Bs en Mercado Campesino
18	67	2025-10-14 13:32:47.17885	710	Manual - Sistema	Precio actualizado de 4.00 a 3.80 Bs en Mercado Campesino
19	67	2025-10-21 13:32:47.17885	695	Manual - Sistema	Precio actualizado de 3.80 a 4.00 Bs en Mercado Campesino
20	67	2025-10-28 13:32:47.17885	705	Manual - Sistema	Precio actualizado de 4.00 a 4.10 Bs en Mercado Campesino
21	67	2025-11-04 13:32:47.17885	700	Manual - Sistema	Precio actualizado de 4.10 a 4.00 Bs en Mercado Campesino
22	78	2025-10-05 13:32:47.17885	950	Manual - Sistema	Precio actualizado de 6.80 a 6.50 Bs en Mercado Campesino
23	78	2025-10-19 13:32:47.17885	980	Manual - Sistema	Precio actualizado de 6.50 a 6.60 Bs en Mercado Campesino
24	78	2025-11-02 13:32:47.17885	1020	Manual - Sistema	Precio actualizado de 6.60 a 6.50 Bs en Mercado Campesino
25	78	2025-11-16 13:32:47.17885	1000	Manual - Sistema	Precio actualizado de 6.50 a 6.50 Bs en Mercado Campesino
26	93	2025-10-09 13:32:47.17885	320	Manual - Sistema	Precio actualizado de 32.00 a 33.00 Bs en Mercado Campesino
27	93	2025-10-16 13:32:47.17885	310	Manual - Sistema	Precio actualizado de 33.00 a 34.00 Bs en Mercado Campesino
28	93	2025-10-23 13:32:47.17885	305	Manual - Sistema	Precio actualizado de 34.00 a 34.50 Bs en Mercado Campesino
29	93	2025-10-30 13:32:47.17885	300	Manual - Sistema	Precio actualizado de 34.50 a 35.00 Bs en Mercado Campesino
30	93	2025-11-06 13:32:47.17885	295	Manual - Sistema	Precio actualizado de 35.00 a 35.50 Bs en Mercado Campesino
31	93	2025-11-13 13:32:47.17885	300	Manual - Sistema	Precio actualizado de 35.50 a 35.00 Bs en Mercado Campesino
32	97	2025-10-08 13:32:47.17885	380	Manual - Sistema	Precio actualizado de 19.00 a 18.50 Bs en Mercado Campesino
33	97	2025-10-15 13:32:47.17885	420	Manual - Sistema	Precio actualizado de 18.50 a 17.50 Bs en Mercado Campesino
34	97	2025-10-22 13:32:47.17885	410	Manual - Sistema	Precio actualizado de 17.50 a 18.00 Bs en Mercado Campesino
35	97	2025-10-29 13:32:47.17885	400	Manual - Sistema	Precio actualizado de 18.00 a 18.50 Bs en Mercado Campesino
36	97	2025-11-05 13:32:47.17885	395	Manual - Sistema	Precio actualizado de 18.50 a 18.00 Bs en Mercado Campesino
37	73	2025-10-11 13:32:47.17885	750	Manual - Sistema	Precio actualizado de 3.20 a 3.00 Bs en Mercado Campesino
38	73	2025-10-18 13:32:47.17885	820	Manual - Sistema	Precio actualizado de 3.00 a 2.80 Bs en Mercado Campesino
39	73	2025-10-25 13:32:47.17885	800	Manual - Sistema	Precio actualizado de 2.80 a 3.00 Bs en Mercado Campesino
40	73	2025-11-01 13:32:47.17885	790	Manual - Sistema	Precio actualizado de 3.00 a 3.10 Bs en Mercado Campesino
41	73	2025-11-08 13:32:47.17885	800	Manual - Sistema	Precio actualizado de 3.10 a 3.00 Bs en Mercado Campesino
42	115	2025-10-12 13:32:47.17885	220	Manual - Sistema	Precio actualizado de 23.00 a 24.00 Bs en Mercado Campesino
43	115	2025-10-19 13:32:47.17885	210	Manual - Sistema	Precio actualizado de 24.00 a 24.50 Bs en Mercado Campesino
44	115	2025-10-26 13:32:47.17885	205	Manual - Sistema	Precio actualizado de 24.50 a 25.00 Bs en Mercado Campesino
45	115	2025-11-02 13:32:47.17885	200	Manual - Sistema	Precio actualizado de 25.00 a 25.50 Bs en Mercado Campesino
46	115	2025-11-09 13:32:47.17885	200	Manual - Sistema	Precio actualizado de 25.50 a 25.00 Bs en Mercado Campesino
47	14	2025-10-04 13:32:47.17885	280	Manual - Sistema	Precio actualizado de 8.00 a 7.50 Bs en Mercado Campesino
48	14	2025-10-11 13:32:47.17885	260	Manual - Sistema	Precio actualizado de 7.50 a 7.00 Bs en Mercado Campesino
49	14	2025-10-18 13:32:47.17885	245	Manual - Sistema	Precio actualizado de 7.00 a 6.50 Bs en Mercado Campesino
50	14	2025-10-25 13:32:47.17885	250	Manual - Sistema	Precio actualizado de 6.50 a 7.00 Bs en Mercado Campesino
51	14	2025-11-01 13:32:47.17885	255	Manual - Sistema	Precio actualizado de 7.00 a 7.20 Bs en Mercado Campesino
52	14	2025-11-08 13:32:47.17885	250	Manual - Sistema	Precio actualizado de 7.20 a 7.00 Bs en Mercado Campesino
53	132	2025-10-13 13:32:47.17885	850	Manual - Sistema	Precio actualizado de 5.20 a 5.00 Bs en Mercado Campesino
54	132	2025-10-20 13:32:47.17885	820	Manual - Sistema	Precio actualizado de 5.00 a 4.90 Bs en Mercado Campesino
55	132	2025-10-27 13:32:47.17885	800	Manual - Sistema	Precio actualizado de 4.90 a 5.00 Bs en Mercado Campesino
56	132	2025-11-03 13:32:47.17885	810	Manual - Sistema	Precio actualizado de 5.00 a 5.10 Bs en Mercado Campesino
57	132	2025-11-10 13:32:47.17885	800	Manual - Sistema	Precio actualizado de 5.10 a 5.00 Bs en Mercado Campesino
58	93	2025-12-02 19:11:35.284873	10	Manual - Sistema	Precio actualizado de 35.00 a 50.00 Bs en 13 de Abril - Trinidad
\.


--
-- TOC entry 5211 (class 0 OID 17547)
-- Dependencies: 232
-- Data for Name: mercado; Type: TABLE DATA; Schema: public; Owner: postgres
--

COPY public.mercado (id_mercado, nombre_mercado, direccion, barrio, avenida, ciudad, departamento, fecha_registro, activo) FROM stdin;
1	13 de Abril	Calle 7	13 de Abril		Trinidad	Beni	2025-11-29 19:33:00.312531	t
2	Mercado Paitití	C. Juan de la Cruz	Paitití		Trinidad	Beni	2025-11-29 19:34:32.221938	t
3	Mercado Campesino			Oscar Paz	Trinidad	Beni	2025-11-29 19:35:55.141012	t
4	Mercado Pompeya	C. Sécure	Pompeya		Trinidad	Beni	2025-11-29 19:39:14.175016	t
5	Mercado Central	C. Joaquín de Sierra			Trinidad	Beni	2025-11-29 19:40:23.849754	t
6	Mercado Cochabamba	C. Cochabamba			Trinidad	Beni	2025-11-29 19:41:57.914845	t
7	Supermercado LA FAMILIA	C. Gil Coimbra			Trinidad	Beni	2025-11-29 19:44:48.990403	t
8	San Vicente	Plaza Ganadera			Trinidad	Beni	2025-12-02 19:09:22.544523	t
\.


--
-- TOC entry 5199 (class 0 OID 16390)
-- Dependencies: 220
-- Data for Name: mercados; Type: TABLE DATA; Schema: public; Owner: postgres
--

COPY public.mercados (id_mercado, nombre, ciudad, departamento, direccion, fecha_registro, activo) FROM stdin;
\.


--
-- TOC entry 5220 (class 0 OID 17627)
-- Dependencies: 241
-- Data for Name: oferta; Type: TABLE DATA; Schema: public; Owner: postgres
--

COPY public.oferta (id_oferta, id_producto, id_mercado, precio, stock, fecha_actualizacion) FROM stdin;
1	1	1	3.50	500	2025-11-29 21:14:20.297915
2	2	1	6.00	200	2025-11-29 21:14:20.297915
3	3	1	5.00	300	2025-11-29 21:14:20.297915
4	4	1	3.00	400	2025-11-29 21:14:20.297915
5	5	1	2.50	600	2025-11-29 21:14:20.297915
6	7	1	8.00	150	2025-11-29 21:14:20.297915
7	8	1	12.00	180	2025-11-29 21:14:20.297915
8	9	1	14.00	120	2025-11-29 21:14:20.297915
9	10	1	18.00	80	2025-11-29 21:14:20.297915
10	11	1	10.00	150	2025-11-29 21:14:20.297915
11	12	1	9.00	100	2025-11-29 21:14:20.297915
12	13	1	8.00	90	2025-11-29 21:14:20.297915
13	14	1	7.00	250	2025-11-29 21:14:20.297915
14	15	1	4.00	200	2025-11-29 21:14:20.297915
15	16	1	5.50	300	2025-11-29 21:14:20.297915
16	17	1	6.00	200	2025-11-29 21:14:20.297915
17	18	1	15.00	60	2025-11-29 21:14:20.297915
18	19	1	12.00	70	2025-11-29 21:14:20.297915
19	20	1	7.00	150	2025-11-29 21:14:20.297915
20	21	1	4.50	180	2025-11-29 21:14:20.297915
21	22	1	8.00	100	2025-11-29 21:14:20.297915
22	23	1	9.00	120	2025-11-29 21:14:20.297915
23	26	1	6.00	90	2025-11-29 21:14:20.297915
24	28	1	16.00	50	2025-11-29 21:14:20.297915
25	30	1	25.00	40	2025-11-29 21:14:20.297915
26	31	1	5.00	400	2025-11-29 21:14:20.297915
27	32	1	4.50	500	2025-11-29 21:14:20.297915
28	33	1	4.00	300	2025-11-29 21:14:20.297915
29	34	1	2.50	250	2025-11-29 21:14:20.297915
30	35	1	2.00	150	2025-11-29 21:14:20.297915
31	36	1	2.50	120	2025-11-29 21:14:20.297915
32	37	1	3.50	200	2025-11-29 21:14:20.297915
33	38	1	3.00	150	2025-11-29 21:14:20.297915
34	39	1	1.50	100	2025-11-29 21:14:20.297915
35	40	1	6.00	80	2025-11-29 21:14:20.297915
36	41	1	5.50	90	2025-11-29 21:14:20.297915
37	42	1	3.00	200	2025-11-29 21:14:20.297915
38	43	1	3.50	300	2025-11-29 21:14:20.297915
39	44	1	4.00	250	2025-11-29 21:14:20.297915
40	45	1	8.00	150	2025-11-29 21:14:20.297915
41	46	1	10.00	100	2025-11-29 21:14:20.297915
42	47	1	9.00	120	2025-11-29 21:14:20.297915
43	48	1	6.00	180	2025-11-29 21:14:20.297915
44	49	1	7.00	150	2025-11-29 21:14:20.297915
45	50	1	6.50	140	2025-11-29 21:14:20.297915
46	51	1	2.00	300	2025-11-29 21:14:20.297915
47	52	1	4.50	200	2025-11-29 21:14:20.297915
48	53	1	5.00	100	2025-11-29 21:14:20.297915
49	54	1	2.50	120	2025-11-29 21:14:20.297915
50	55	1	1.50	150	2025-11-29 21:14:20.297915
51	56	1	1.50	150	2025-11-29 21:14:20.297915
52	57	1	2.00	180	2025-11-29 21:14:20.297915
53	58	1	15.00	80	2025-11-29 21:14:20.297915
54	59	1	12.00	60	2025-11-29 21:14:20.297915
55	61	1	2.00	100	2025-11-29 21:14:20.297915
56	66	1	4.50	600	2025-11-29 21:14:20.297915
57	67	1	4.00	700	2025-11-29 21:14:20.297915
58	68	1	3.80	650	2025-11-29 21:14:20.297915
59	73	1	3.00	800	2025-11-29 21:14:20.297915
60	74	1	3.50	400	2025-11-29 21:14:20.297915
61	75	1	5.00	200	2025-11-29 21:14:20.297915
62	76	1	6.00	180	2025-11-29 21:14:20.297915
63	71	1	8.00	300	2025-11-29 21:14:20.297915
64	78	1	6.50	1000	2025-11-29 21:14:20.297915
65	79	1	8.00	300	2025-11-29 21:14:20.297915
66	80	1	15.00	200	2025-11-29 21:14:20.297915
67	81	1	14.00	250	2025-11-29 21:14:20.297915
68	82	1	5.00	400	2025-11-29 21:14:20.297915
69	84	1	4.50	450	2025-11-29 21:14:20.297915
70	88	1	7.50	500	2025-11-29 21:14:20.297915
71	89	1	7.00	500	2025-11-29 21:14:20.297915
72	90	1	5.50	600	2025-11-29 21:14:20.297915
73	91	1	6.00	400	2025-11-29 21:14:20.297915
74	87	1	9.00	300	2025-11-29 21:14:20.297915
75	86	1	7.00	250	2025-11-29 21:14:20.297915
77	94	1	32.00	200	2025-11-29 21:14:20.297915
78	95	1	45.00	150	2025-11-29 21:14:20.297915
79	96	1	30.00	250	2025-11-29 21:14:20.297915
80	97	1	18.00	400	2025-11-29 21:14:20.297915
81	98	1	22.00	300	2025-11-29 21:14:20.297915
82	99	1	16.00	350	2025-11-29 21:14:20.297915
83	101	1	28.00	250	2025-11-29 21:14:20.297915
84	102	1	26.00	200	2025-11-29 21:14:20.297915
85	106	1	25.00	180	2025-11-29 21:14:20.297915
86	107	1	40.00	120	2025-11-29 21:14:20.297915
87	108	1	35.00	100	2025-11-29 21:14:20.297915
88	109	1	32.00	200	2025-11-29 21:14:20.297915
89	110	1	24.00	250	2025-11-29 21:14:20.297915
90	111	1	5.00	500	2025-11-29 21:14:20.297915
91	112	1	6.00	600	2025-11-29 21:14:20.297915
92	113	1	7.00	300	2025-11-29 21:14:20.297915
93	114	1	7.50	300	2025-11-29 21:14:20.297915
94	115	1	25.00	200	2025-11-29 21:14:20.297915
95	116	1	35.00	150	2025-11-29 21:14:20.297915
96	117	1	30.00	180	2025-11-29 21:14:20.297915
97	120	1	28.00	150	2025-11-29 21:14:20.297915
98	122	1	12.00	200	2025-11-29 21:14:20.297915
99	123	1	20.00	180	2025-11-29 21:14:20.297915
100	125	1	15.00	250	2025-11-29 21:14:20.297915
101	127	1	1.20	2000	2025-11-29 21:14:20.297915
102	128	1	0.50	1500	2025-11-29 21:14:20.297915
103	129	1	0.80	800	2025-11-29 21:14:20.297915
104	130	1	12.00	400	2025-11-29 21:14:20.297915
105	131	1	2.50	500	2025-11-29 21:14:20.297915
106	132	1	5.00	800	2025-11-29 21:14:20.297915
107	134	1	35.00	150	2025-11-29 21:14:20.297915
108	136	1	20.00	200	2025-11-29 21:14:20.297915
109	137	1	8.00	400	2025-11-29 21:14:20.297915
110	138	1	10.00	300	2025-11-29 21:14:20.297915
111	139	1	9.00	350	2025-11-29 21:14:20.297915
112	140	1	40.00	80	2025-11-29 21:14:20.297915
113	141	1	12.00	300	2025-11-29 21:14:20.297915
114	145	1	15.00	200	2025-11-29 21:14:20.297915
115	146	1	18.00	150	2025-11-29 21:14:20.297915
116	147	1	20.00	100	2025-11-29 21:14:20.297915
117	148	1	25.00	80	2025-11-29 21:14:20.297915
118	149	1	22.00	120	2025-11-29 21:14:20.297915
119	150	1	6.00	300	2025-11-29 21:14:20.297915
120	1	2	3.80	400	2025-11-29 21:14:20.297915
121	2	2	6.50	150	2025-11-29 21:14:20.297915
122	3	2	5.50	250	2025-11-29 21:14:20.297915
123	4	2	3.30	350	2025-11-29 21:14:20.297915
124	5	2	2.80	500	2025-11-29 21:14:20.297915
125	6	2	3.20	300	2025-11-29 21:14:20.297915
126	7	2	8.50	120	2025-11-29 21:14:20.297915
127	8	2	13.00	150	2025-11-29 21:14:20.297915
128	10	2	19.00	60	2025-11-29 21:14:20.297915
129	11	2	11.00	100	2025-11-29 21:14:20.297915
130	13	2	8.50	70	2025-11-29 21:14:20.297915
131	14	2	7.50	200	2025-11-29 21:14:20.297915
132	15	2	4.50	150	2025-11-29 21:14:20.297915
133	16	2	6.00	250	2025-11-29 21:14:20.297915
134	17	2	6.50	180	2025-11-29 21:14:20.297915
135	18	2	16.00	50	2025-11-29 21:14:20.297915
136	20	2	7.50	120	2025-11-29 21:14:20.297915
137	21	2	5.00	150	2025-11-29 21:14:20.297915
138	23	2	9.50	100	2025-11-29 21:14:20.297915
139	24	2	11.00	80	2025-11-29 21:14:20.297915
140	26	2	6.50	70	2025-11-29 21:14:20.297915
141	29	2	22.00	40	2025-11-29 21:14:20.297915
142	31	2	5.50	350	2025-11-29 21:14:20.297915
143	32	2	5.00	400	2025-11-29 21:14:20.297915
144	33	2	4.50	250	2025-11-29 21:14:20.297915
145	34	2	3.00	200	2025-11-29 21:14:20.297915
146	35	2	2.50	120	2025-11-29 21:14:20.297915
147	36	2	3.00	100	2025-11-29 21:14:20.297915
148	37	2	4.00	180	2025-11-29 21:14:20.297915
149	40	2	6.50	70	2025-11-29 21:14:20.297915
150	41	2	6.00	80	2025-11-29 21:14:20.297915
151	42	2	3.50	150	2025-11-29 21:14:20.297915
152	43	2	4.00	250	2025-11-29 21:14:20.297915
153	44	2	4.50	200	2025-11-29 21:14:20.297915
154	45	2	8.50	120	2025-11-29 21:14:20.297915
155	46	2	11.00	80	2025-11-29 21:14:20.297915
156	47	2	9.50	100	2025-11-29 21:14:20.297915
157	48	2	6.50	150	2025-11-29 21:14:20.297915
158	49	2	7.50	120	2025-11-29 21:14:20.297915
159	50	2	7.00	110	2025-11-29 21:14:20.297915
160	51	2	2.50	250	2025-11-29 21:14:20.297915
161	52	2	5.00	180	2025-11-29 21:14:20.297915
162	53	2	5.50	90	2025-11-29 21:14:20.297915
163	54	2	3.00	100	2025-11-29 21:14:20.297915
164	55	2	2.00	120	2025-11-29 21:14:20.297915
165	56	2	2.00	120	2025-11-29 21:14:20.297915
166	57	2	2.50	150	2025-11-29 21:14:20.297915
167	58	2	16.00	60	2025-11-29 21:14:20.297915
168	60	2	4.00	80	2025-11-29 21:14:20.297915
169	63	2	3.50	100	2025-11-29 21:14:20.297915
170	67	2	4.50	600	2025-11-29 21:14:20.297915
171	68	2	4.20	550	2025-11-29 21:14:20.297915
172	73	2	3.50	700	2025-11-29 21:14:20.297915
173	74	2	4.00	350	2025-11-29 21:14:20.297915
174	75	2	5.50	150	2025-11-29 21:14:20.297915
175	76	2	6.50	140	2025-11-29 21:14:20.297915
176	71	2	8.50	250	2025-11-29 21:14:20.297915
177	78	2	7.00	800	2025-11-29 21:14:20.297915
178	80	2	16.00	150	2025-11-29 21:14:20.297915
179	82	2	5.50	300	2025-11-29 21:14:20.297915
180	84	2	5.00	350	2025-11-29 21:14:20.297915
181	88	2	8.00	400	2025-11-29 21:14:20.297915
182	89	2	7.50	400	2025-11-29 21:14:20.297915
183	90	2	6.00	500	2025-11-29 21:14:20.297915
184	91	2	6.50	350	2025-11-29 21:14:20.297915
185	87	2	9.50	250	2025-11-29 21:14:20.297915
186	85	2	6.00	200	2025-11-29 21:14:20.297915
187	93	2	36.00	250	2025-11-29 21:14:20.297915
188	94	2	33.00	180	2025-11-29 21:14:20.297915
189	95	2	47.00	120	2025-11-29 21:14:20.297915
190	96	2	32.00	200	2025-11-29 21:14:20.297915
191	97	2	19.00	350	2025-11-29 21:14:20.297915
192	98	2	23.00	250	2025-11-29 21:14:20.297915
193	99	2	17.00	300	2025-11-29 21:14:20.297915
194	100	2	14.00	200	2025-11-29 21:14:20.297915
195	101	2	29.00	200	2025-11-29 21:14:20.297915
196	102	2	27.00	180	2025-11-29 21:14:20.297915
197	103	2	38.00	150	2025-11-29 21:14:20.297915
198	106	2	26.00	150	2025-11-29 21:14:20.297915
199	107	2	42.00	100	2025-11-29 21:14:20.297915
200	109	2	33.00	180	2025-11-29 21:14:20.297915
201	110	2	25.00	200	2025-11-29 21:14:20.297915
202	111	2	5.50	400	2025-11-29 21:14:40.135048
203	112	2	6.50	500	2025-11-29 21:14:40.135048
204	113	2	7.50	250	2025-11-29 21:14:40.135048
205	114	2	8.00	250	2025-11-29 21:14:40.135048
206	115	2	26.00	180	2025-11-29 21:14:40.135048
207	116	2	36.00	120	2025-11-29 21:14:40.135048
208	117	2	32.00	150	2025-11-29 21:14:40.135048
209	118	2	30.00	100	2025-11-29 21:14:40.135048
210	120	2	30.00	120	2025-11-29 21:14:40.135048
211	122	2	13.00	180	2025-11-29 21:14:40.135048
212	123	2	22.00	150	2025-11-29 21:14:40.135048
213	125	2	16.00	200	2025-11-29 21:14:40.135048
214	127	2	1.30	1800	2025-11-29 21:14:40.135048
215	128	2	0.60	1200	2025-11-29 21:14:40.135048
216	129	2	1.00	600	2025-11-29 21:14:40.135048
217	130	2	13.00	350	2025-11-29 21:14:40.135048
218	131	2	3.00	400	2025-11-29 21:14:40.135048
219	132	2	5.50	700	2025-11-29 21:14:40.135048
220	133	2	7.00	300	2025-11-29 21:14:40.135048
221	134	2	38.00	120	2025-11-29 21:14:40.135048
222	135	2	25.00	80	2025-11-29 21:14:40.135048
223	136	2	22.00	150	2025-11-29 21:14:40.135048
224	137	2	8.50	350	2025-11-29 21:14:40.135048
225	138	2	11.00	250	2025-11-29 21:14:40.135048
226	139	2	9.50	300	2025-11-29 21:14:40.135048
227	140	2	45.00	60	2025-11-29 21:14:40.135048
228	141	2	13.00	250	2025-11-29 21:14:40.135048
229	142	2	35.00	80	2025-11-29 21:14:40.135048
230	145	2	16.00	180	2025-11-29 21:14:40.135048
231	146	2	19.00	120	2025-11-29 21:14:40.135048
232	147	2	22.00	80	2025-11-29 21:14:40.135048
233	149	2	24.00	100	2025-11-29 21:14:40.135048
234	150	2	6.50	250	2025-11-29 21:14:40.135048
235	1	3	3.60	450	2025-11-29 21:14:40.135048
236	2	3	5.80	180	2025-11-29 21:14:40.135048
237	3	3	5.20	280	2025-11-29 21:14:40.135048
238	4	3	3.20	380	2025-11-29 21:14:40.135048
239	5	3	2.60	550	2025-11-29 21:14:40.135048
240	6	3	3.00	280	2025-11-29 21:14:40.135048
241	7	3	8.20	130	2025-11-29 21:14:40.135048
242	8	3	12.50	160	2025-11-29 21:14:40.135048
243	14	3	7.20	230	2025-11-29 21:14:40.135048
244	15	3	4.20	180	2025-11-29 21:14:40.135048
245	16	3	5.80	280	2025-11-29 21:14:40.135048
246	17	3	6.20	190	2025-11-29 21:14:40.135048
247	20	3	7.20	140	2025-11-29 21:14:40.135048
248	21	3	4.80	170	2025-11-29 21:14:40.135048
249	22	3	8.20	90	2025-11-29 21:14:40.135048
250	23	3	9.20	110	2025-11-29 21:14:40.135048
251	26	3	6.20	80	2025-11-29 21:14:40.135048
252	11	3	10.50	130	2025-11-29 21:14:40.135048
253	31	3	5.20	380	2025-11-29 21:14:40.135048
254	32	3	4.80	450	2025-11-29 21:14:40.135048
255	33	3	4.20	280	2025-11-29 21:14:40.135048
256	34	3	2.80	220	2025-11-29 21:14:40.135048
257	35	3	2.20	140	2025-11-29 21:14:40.135048
258	36	3	2.80	110	2025-11-29 21:14:40.135048
259	37	3	3.80	190	2025-11-29 21:14:40.135048
260	38	3	3.20	140	2025-11-29 21:14:40.135048
261	39	3	1.80	90	2025-11-29 21:14:40.135048
262	42	3	3.20	180	2025-11-29 21:14:40.135048
263	43	3	3.80	280	2025-11-29 21:14:40.135048
264	44	3	4.20	230	2025-11-29 21:14:40.135048
265	45	3	8.20	140	2025-11-29 21:14:40.135048
266	46	3	10.50	90	2025-11-29 21:14:40.135048
267	47	3	9.20	110	2025-11-29 21:14:40.135048
268	48	3	6.20	170	2025-11-29 21:14:40.135048
269	49	3	7.20	140	2025-11-29 21:14:40.135048
270	50	3	6.80	130	2025-11-29 21:14:40.135048
271	51	3	2.20	280	2025-11-29 21:14:40.135048
272	52	3	4.80	190	2025-11-29 21:14:40.135048
273	54	3	2.80	110	2025-11-29 21:14:40.135048
274	55	3	1.80	140	2025-11-29 21:14:40.135048
275	56	3	1.80	140	2025-11-29 21:14:40.135048
276	57	3	2.20	160	2025-11-29 21:14:40.135048
277	58	3	15.50	70	2025-11-29 21:14:40.135048
278	67	3	4.20	650	2025-11-29 21:14:40.135048
279	68	3	4.00	600	2025-11-29 21:14:40.135048
280	66	3	4.70	550	2025-11-29 21:14:40.135048
281	73	3	3.20	750	2025-11-29 21:14:40.135048
282	74	3	3.70	380	2025-11-29 21:14:40.135048
283	71	3	8.20	280	2025-11-29 21:14:40.135048
284	78	3	6.80	900	2025-11-29 21:14:40.135048
285	79	3	8.20	280	2025-11-29 21:14:40.135048
286	81	3	14.50	220	2025-11-29 21:14:40.135048
287	82	3	5.20	380	2025-11-29 21:14:40.135048
288	84	3	4.80	420	2025-11-29 21:14:40.135048
289	83	3	6.00	200	2025-11-29 21:14:40.135048
290	88	3	7.80	450	2025-11-29 21:14:40.135048
291	89	3	7.20	450	2025-11-29 21:14:40.135048
292	90	3	5.80	550	2025-11-29 21:14:40.135048
293	91	3	6.20	380	2025-11-29 21:14:40.135048
294	87	3	9.20	280	2025-11-29 21:14:40.135048
295	93	3	35.50	280	2025-11-29 21:14:40.135048
296	94	3	32.50	190	2025-11-29 21:14:40.135048
297	95	3	46.00	130	2025-11-29 21:14:40.135048
298	96	3	31.00	230	2025-11-29 21:14:40.135048
299	97	3	18.50	380	2025-11-29 21:14:40.135048
300	98	3	22.50	280	2025-11-29 21:14:40.135048
301	99	3	16.50	320	2025-11-29 21:14:40.135048
302	100	3	13.50	180	2025-11-29 21:14:40.135048
303	101	3	28.50	230	2025-11-29 21:14:40.135048
304	102	3	26.50	190	2025-11-29 21:14:40.135048
305	106	3	25.50	160	2025-11-29 21:14:40.135048
306	107	3	41.00	110	2025-11-29 21:14:40.135048
307	109	3	32.50	190	2025-11-29 21:14:40.135048
308	111	3	5.20	450	2025-11-29 21:14:40.135048
309	112	3	6.20	550	2025-11-29 21:14:40.135048
310	113	3	7.20	280	2025-11-29 21:14:40.135048
311	114	3	7.80	280	2025-11-29 21:14:40.135048
312	115	3	25.50	190	2025-11-29 21:14:40.135048
313	116	3	35.50	130	2025-11-29 21:14:40.135048
314	117	3	31.00	160	2025-11-29 21:14:40.135048
315	120	3	29.00	130	2025-11-29 21:14:40.135048
316	122	3	12.50	190	2025-11-29 21:14:40.135048
317	123	3	21.00	160	2025-11-29 21:14:40.135048
318	127	3	1.25	1900	2025-11-29 21:14:40.135048
319	128	3	0.50	1400	2025-11-29 21:14:40.135048
320	129	3	0.80	700	2025-11-29 21:14:40.135048
321	130	3	12.50	380	2025-11-29 21:14:40.135048
322	131	3	2.80	450	2025-11-29 21:14:40.135048
323	132	3	5.20	750	2025-11-29 21:14:40.135048
324	133	3	6.80	280	2025-11-29 21:14:40.135048
325	134	3	36.00	130	2025-11-29 21:14:40.135048
326	136	3	21.00	180	2025-11-29 21:14:40.135048
327	137	3	8.20	380	2025-11-29 21:14:40.135048
328	138	3	10.50	280	2025-11-29 21:14:40.135048
329	139	3	9.20	320	2025-11-29 21:14:40.135048
330	140	3	42.00	70	2025-11-29 21:14:40.135048
331	141	3	12.50	280	2025-11-29 21:14:40.135048
332	145	3	15.50	190	2025-11-29 21:14:40.135048
333	146	3	18.50	130	2025-11-29 21:14:40.135048
334	149	3	23.00	110	2025-11-29 21:14:40.135048
335	150	3	6.20	280	2025-11-29 21:14:40.135048
336	1	4	3.70	420	2025-11-29 21:15:00.566891
337	2	4	6.20	170	2025-11-29 21:15:00.566891
338	3	4	5.30	270	2025-11-29 21:15:00.566891
339	4	4	3.10	370	2025-11-29 21:15:00.566891
340	5	4	2.70	520	2025-11-29 21:15:00.566891
341	6	4	3.10	290	2025-11-29 21:15:00.566891
342	7	4	8.30	140	2025-11-29 21:15:00.566891
343	8	4	12.80	170	2025-11-29 21:15:00.566891
344	9	4	14.50	110	2025-11-29 21:15:00.566891
345	10	4	18.50	70	2025-11-29 21:15:00.566891
346	14	4	7.30	240	2025-11-29 21:15:00.566891
347	15	4	4.30	190	2025-11-29 21:15:00.566891
348	16	4	5.70	290	2025-11-29 21:15:00.566891
349	17	4	6.30	200	2025-11-29 21:15:00.566891
350	18	4	15.50	55	2025-11-29 21:15:00.566891
351	20	4	7.30	140	2025-11-29 21:15:00.566891
352	21	4	4.70	170	2025-11-29 21:15:00.566891
353	23	4	9.30	110	2025-11-29 21:15:00.566891
354	26	4	6.30	85	2025-11-29 21:15:00.566891
355	25	4	8.50	70	2025-11-29 21:15:00.566891
356	31	4	5.30	370	2025-11-29 21:15:00.566891
357	32	4	4.70	470	2025-11-29 21:15:00.566891
358	33	4	4.30	290	2025-11-29 21:15:00.566891
359	34	4	2.70	230	2025-11-29 21:15:00.566891
360	35	4	2.30	140	2025-11-29 21:15:00.566891
361	36	4	2.70	115	2025-11-29 21:15:00.566891
362	37	4	3.70	195	2025-11-29 21:15:00.566891
363	38	4	3.30	145	2025-11-29 21:15:00.566891
364	39	4	1.70	95	2025-11-29 21:15:00.566891
365	40	4	6.30	75	2025-11-29 21:15:00.566891
366	41	4	5.80	85	2025-11-29 21:15:00.566891
367	42	4	3.30	190	2025-11-29 21:15:00.566891
368	43	4	3.70	290	2025-11-29 21:15:00.566891
369	44	4	4.30	240	2025-11-29 21:15:00.566891
370	45	4	8.30	140	2025-11-29 21:15:00.566891
371	46	4	10.30	95	2025-11-29 21:15:00.566891
372	47	4	9.30	115	2025-11-29 21:15:00.566891
373	48	4	6.30	175	2025-11-29 21:15:00.566891
374	49	4	7.30	145	2025-11-29 21:15:00.566891
375	50	4	6.70	135	2025-11-29 21:15:00.566891
376	51	4	2.30	290	2025-11-29 21:15:00.566891
377	52	4	4.70	195	2025-11-29 21:15:00.566891
378	53	4	5.20	95	2025-11-29 21:15:00.566891
379	54	4	2.70	115	2025-11-29 21:15:00.566891
380	55	4	1.70	145	2025-11-29 21:15:00.566891
381	56	4	1.70	145	2025-11-29 21:15:00.566891
382	57	4	2.30	170	2025-11-29 21:15:00.566891
383	66	4	4.60	580	2025-11-29 21:15:00.566891
384	67	4	4.30	670	2025-11-29 21:15:00.566891
385	68	4	4.10	620	2025-11-29 21:15:00.566891
386	70	4	4.50	400	2025-11-29 21:15:00.566891
387	73	4	3.30	770	2025-11-29 21:15:00.566891
388	74	4	3.80	390	2025-11-29 21:15:00.566891
389	75	4	5.30	170	2025-11-29 21:15:00.566891
390	71	4	8.30	290	2025-11-29 21:15:00.566891
391	78	4	6.70	920	2025-11-29 21:15:00.566891
392	79	4	8.30	290	2025-11-29 21:15:00.566891
393	80	4	15.50	190	2025-11-29 21:15:00.566891
394	81	4	14.30	230	2025-11-29 21:15:00.566891
395	82	4	5.30	390	2025-11-29 21:15:00.566891
396	83	4	6.20	220	2025-11-29 21:15:00.566891
397	84	4	4.70	440	2025-11-29 21:15:00.566891
398	88	4	7.70	470	2025-11-29 21:15:00.566891
399	89	4	7.30	470	2025-11-29 21:15:00.566891
400	90	4	5.70	570	2025-11-29 21:15:00.566891
401	91	4	6.30	390	2025-11-29 21:15:00.566891
402	87	4	9.30	290	2025-11-29 21:15:00.566891
403	93	4	35.80	290	2025-11-29 21:15:00.566891
404	94	4	32.80	195	2025-11-29 21:15:00.566891
405	95	4	46.50	135	2025-11-29 21:15:00.566891
406	96	4	31.50	240	2025-11-29 21:15:00.566891
407	97	4	18.80	390	2025-11-29 21:15:00.566891
408	98	4	22.80	290	2025-11-29 21:15:00.566891
409	99	4	16.80	340	2025-11-29 21:15:00.566891
410	100	4	13.80	190	2025-11-29 21:15:00.566891
411	101	4	28.80	240	2025-11-29 21:15:00.566891
412	102	4	26.80	195	2025-11-29 21:15:00.566891
413	103	4	37.00	140	2025-11-29 21:15:00.566891
414	106	4	25.80	170	2025-11-29 21:15:00.566891
415	108	4	36.00	95	2025-11-29 21:15:00.566891
416	109	4	32.80	195	2025-11-29 21:15:00.566891
417	111	4	5.30	470	2025-11-29 21:15:00.566891
418	112	4	6.30	570	2025-11-29 21:15:00.566891
419	113	4	7.30	290	2025-11-29 21:15:00.566891
420	114	4	7.70	290	2025-11-29 21:15:00.566891
421	115	4	25.80	195	2025-11-29 21:15:00.566891
422	116	4	35.80	140	2025-11-29 21:15:00.566891
423	117	4	31.50	170	2025-11-29 21:15:00.566891
424	120	4	29.50	140	2025-11-29 21:15:00.566891
425	122	4	12.80	195	2025-11-29 21:15:00.566891
426	123	4	21.50	170	2025-11-29 21:15:00.566891
427	125	4	15.50	240	2025-11-29 21:15:00.566891
428	127	4	1.28	1950	2025-11-29 21:15:00.566891
429	128	4	0.50	1450	2025-11-29 21:15:00.566891
430	129	4	0.80	750	2025-11-29 21:15:00.566891
431	130	4	12.80	390	2025-11-29 21:15:00.566891
432	131	4	2.70	470	2025-11-29 21:15:00.566891
433	132	4	5.30	770	2025-11-29 21:15:00.566891
434	133	4	6.80	290	2025-11-29 21:15:00.566891
435	134	4	37.00	140	2025-11-29 21:15:00.566891
436	135	4	24.00	75	2025-11-29 21:15:00.566891
437	136	4	21.50	190	2025-11-29 21:15:00.566891
438	137	4	8.30	390	2025-11-29 21:15:00.566891
439	138	4	10.80	290	2025-11-29 21:15:00.566891
440	139	4	9.30	340	2025-11-29 21:15:00.566891
441	140	4	43.00	75	2025-11-29 21:15:00.566891
442	141	4	12.80	290	2025-11-29 21:15:00.566891
443	145	4	15.80	195	2025-11-29 21:15:00.566891
444	146	4	18.80	140	2025-11-29 21:15:00.566891
445	147	4	21.00	95	2025-11-29 21:15:00.566891
446	149	4	23.50	115	2025-11-29 21:15:00.566891
447	150	4	6.30	290	2025-11-29 21:15:00.566891
448	1	5	3.40	480	2025-11-29 21:15:00.566891
449	2	5	5.80	190	2025-11-29 21:15:00.566891
450	3	5	4.80	290	2025-11-29 21:15:00.566891
451	4	5	2.90	410	2025-11-29 21:15:00.566891
452	5	5	2.40	580	2025-11-29 21:15:00.566891
453	6	5	2.90	310	2025-11-29 21:15:00.566891
454	7	5	7.80	160	2025-11-29 21:15:00.566891
455	8	5	11.80	170	2025-11-29 21:15:00.566891
456	9	5	13.80	115	2025-11-29 21:15:00.566891
457	10	5	17.80	75	2025-11-29 21:15:00.566891
458	11	5	9.80	140	2025-11-29 21:15:00.566891
459	12	5	8.80	95	2025-11-29 21:15:00.566891
460	13	5	7.80	85	2025-11-29 21:15:00.566891
461	14	5	6.80	260	2025-11-29 21:15:00.566891
462	15	5	3.80	210	2025-11-29 21:15:00.566891
463	16	5	5.30	310	2025-11-29 21:15:00.566891
464	17	5	5.80	210	2025-11-29 21:15:00.566891
465	20	5	6.80	160	2025-11-29 21:15:00.566891
466	21	5	4.30	190	2025-11-29 21:15:00.566891
467	22	5	7.80	105	2025-11-29 21:15:00.566891
468	23	5	8.80	115	2025-11-29 21:15:00.566891
469	24	5	10.50	75	2025-11-29 21:15:00.566891
470	26	5	5.80	85	2025-11-29 21:15:00.566891
471	31	5	4.80	410	2025-11-29 21:15:00.566891
472	32	5	4.30	520	2025-11-29 21:15:00.566891
473	33	5	3.80	310	2025-11-29 21:15:00.566891
474	34	5	2.30	260	2025-11-29 21:15:00.566891
475	35	5	1.80	160	2025-11-29 21:15:00.566891
476	36	5	2.30	130	2025-11-29 21:15:00.566891
477	37	5	3.30	210	2025-11-29 21:15:00.566891
478	38	5	2.80	160	2025-11-29 21:15:00.566891
479	39	5	1.30	110	2025-11-29 21:15:00.566891
480	40	5	5.80	85	2025-11-29 21:15:00.566891
481	41	5	5.30	95	2025-11-29 21:15:00.566891
482	42	5	2.80	210	2025-11-29 21:15:00.566891
483	43	5	3.30	310	2025-11-29 21:15:00.566891
484	44	5	3.80	260	2025-11-29 21:15:00.566891
485	45	5	7.80	160	2025-11-29 21:15:00.566891
486	46	5	9.80	110	2025-11-29 21:15:00.566891
487	47	5	8.80	130	2025-11-29 21:15:00.566891
488	48	5	5.80	190	2025-11-29 21:15:00.566891
489	49	5	6.80	160	2025-11-29 21:15:00.566891
490	50	5	6.30	150	2025-11-29 21:15:00.566891
491	51	5	1.80	310	2025-11-29 21:15:00.566891
492	52	5	4.30	210	2025-11-29 21:15:00.566891
493	53	5	4.80	105	2025-11-29 21:15:00.566891
494	54	5	2.30	130	2025-11-29 21:15:00.566891
495	55	5	1.30	160	2025-11-29 21:15:00.566891
496	56	5	1.30	160	2025-11-29 21:15:00.566891
497	57	5	1.80	190	2025-11-29 21:15:00.566891
498	58	5	14.80	85	2025-11-29 21:15:00.566891
499	59	5	11.80	65	2025-11-29 21:15:00.566891
500	66	5	4.30	610	2025-11-29 21:15:16.216288
501	67	5	3.80	720	2025-11-29 21:15:16.216288
502	68	5	3.60	670	2025-11-29 21:15:16.216288
503	69	5	4.00	350	2025-11-29 21:15:16.216288
504	73	5	2.80	820	2025-11-29 21:15:16.216288
505	74	5	3.30	420	2025-11-29 21:15:16.216288
506	75	5	4.80	210	2025-11-29 21:15:16.216288
507	76	5	5.80	190	2025-11-29 21:15:16.216288
508	71	5	7.80	310	2025-11-29 21:15:16.216288
509	78	5	6.30	1050	2025-11-29 21:15:16.216288
510	79	5	7.80	310	2025-11-29 21:15:16.216288
511	80	5	14.80	210	2025-11-29 21:15:16.216288
512	81	5	13.80	260	2025-11-29 21:15:16.216288
513	82	5	4.80	420	2025-11-29 21:15:16.216288
514	83	5	5.80	230	2025-11-29 21:15:16.216288
515	84	5	4.30	460	2025-11-29 21:15:16.216288
516	85	5	5.50	280	2025-11-29 21:15:16.216288
517	88	5	7.30	520	2025-11-29 21:15:16.216288
518	89	5	6.80	520	2025-11-29 21:15:16.216288
519	90	5	5.30	620	2025-11-29 21:15:16.216288
520	91	5	5.80	420	2025-11-29 21:15:16.216288
521	87	5	8.80	310	2025-11-29 21:15:16.216288
522	93	5	34.80	310	2025-11-29 21:15:16.216288
523	94	5	31.80	210	2025-11-29 21:15:16.216288
524	95	5	44.80	160	2025-11-29 21:15:16.216288
525	96	5	29.80	260	2025-11-29 21:15:16.216288
526	97	5	17.80	420	2025-11-29 21:15:16.216288
527	98	5	21.80	310	2025-11-29 21:15:16.216288
528	99	5	15.80	360	2025-11-29 21:15:16.216288
529	100	5	13.00	210	2025-11-29 21:15:16.216288
530	101	5	27.80	260	2025-11-29 21:15:16.216288
531	102	5	25.80	210	2025-11-29 21:15:16.216288
532	103	5	36.00	160	2025-11-29 21:15:16.216288
533	104	5	42.00	110	2025-11-29 21:15:16.216288
534	106	5	24.80	190	2025-11-29 21:15:16.216288
535	107	5	39.80	130	2025-11-29 21:15:16.216288
536	108	5	34.80	105	2025-11-29 21:15:16.216288
537	109	5	31.80	210	2025-11-29 21:15:16.216288
538	111	5	4.80	520	2025-11-29 21:15:16.216288
539	112	5	5.80	620	2025-11-29 21:15:16.216288
540	113	5	6.80	310	2025-11-29 21:15:16.216288
541	114	5	7.30	310	2025-11-29 21:15:16.216288
542	115	5	24.80	210	2025-11-29 21:15:16.216288
543	116	5	34.80	160	2025-11-29 21:15:16.216288
544	117	5	29.80	190	2025-11-29 21:15:16.216288
545	118	5	28.50	110	2025-11-29 21:15:16.216288
546	119	5	38.00	75	2025-11-29 21:15:16.216288
547	120	5	27.80	160	2025-11-29 21:15:16.216288
548	122	5	11.80	210	2025-11-29 21:15:16.216288
549	123	5	19.80	190	2025-11-29 21:15:16.216288
550	125	5	14.80	260	2025-11-29 21:15:16.216288
551	127	5	1.15	2100	2025-11-29 21:15:16.216288
552	128	5	0.50	1600	2025-11-29 21:15:16.216288
553	129	5	0.80	850	2025-11-29 21:15:16.216288
554	130	5	11.80	420	2025-11-29 21:15:16.216288
555	131	5	2.30	520	2025-11-29 21:15:16.216288
556	132	5	4.80	820	2025-11-29 21:15:16.216288
557	133	5	6.50	310	2025-11-29 21:15:16.216288
558	134	5	34.80	160	2025-11-29 21:15:16.216288
559	135	5	23.50	85	2025-11-29 21:15:16.216288
560	136	5	19.80	210	2025-11-29 21:15:16.216288
561	137	5	7.80	420	2025-11-29 21:15:16.216288
562	138	5	9.80	310	2025-11-29 21:15:16.216288
563	139	5	8.80	360	2025-11-29 21:15:16.216288
564	140	5	39.80	85	2025-11-29 21:15:16.216288
565	141	5	11.80	310	2025-11-29 21:15:16.216288
566	142	5	34.00	85	2025-11-29 21:15:16.216288
567	144	5	18.00	120	2025-11-29 21:15:16.216288
568	145	5	14.80	210	2025-11-29 21:15:16.216288
569	146	5	17.80	160	2025-11-29 21:15:16.216288
570	147	5	19.80	105	2025-11-29 21:15:16.216288
571	149	5	21.80	130	2025-11-29 21:15:16.216288
572	150	5	5.80	310	2025-11-29 21:15:16.216288
573	1	6	3.30	460	2025-11-29 21:15:16.216288
574	2	6	5.50	175	2025-11-29 21:15:16.216288
575	3	6	4.70	270	2025-11-29 21:15:16.216288
576	4	6	2.80	390	2025-11-29 21:15:16.216288
577	5	6	2.30	560	2025-11-29 21:15:16.216288
578	6	6	2.80	295	2025-11-29 21:15:16.216288
579	7	6	7.50	145	2025-11-29 21:15:16.216288
580	8	6	11.50	165	2025-11-29 21:15:16.216288
581	14	6	6.50	245	2025-11-29 21:15:16.216288
582	15	6	3.50	195	2025-11-29 21:15:16.216288
583	16	6	5.20	285	2025-11-29 21:15:16.216288
584	17	6	5.70	195	2025-11-29 21:15:16.216288
585	20	6	6.50	145	2025-11-29 21:15:16.216288
586	21	6	4.20	175	2025-11-29 21:15:16.216288
587	22	6	7.50	95	2025-11-29 21:15:16.216288
588	23	6	8.50	105	2025-11-29 21:15:16.216288
589	26	6	5.50	80	2025-11-29 21:15:16.216288
590	11	6	9.50	125	2025-11-29 21:15:16.216288
591	19	6	11.50	65	2025-11-29 21:15:16.216288
592	31	6	4.70	390	2025-11-29 21:15:16.216288
593	32	6	4.20	495	2025-11-29 21:15:16.216288
594	33	6	3.70	295	2025-11-29 21:15:16.216288
595	34	6	2.20	245	2025-11-29 21:15:16.216288
596	35	6	1.70	145	2025-11-29 21:15:16.216288
597	36	6	2.20	115	2025-11-29 21:15:16.216288
598	37	6	3.20	195	2025-11-29 21:15:16.216288
599	38	6	2.70	145	2025-11-29 21:15:16.216288
600	42	6	2.70	195	2025-11-29 21:15:16.216288
601	43	6	3.20	295	2025-11-29 21:15:16.216288
602	44	6	3.70	245	2025-11-29 21:15:16.216288
603	45	6	7.50	145	2025-11-29 21:15:16.216288
604	46	6	9.50	95	2025-11-29 21:15:16.216288
605	47	6	8.50	115	2025-11-29 21:15:16.216288
606	48	6	5.70	175	2025-11-29 21:15:16.216288
607	49	6	6.70	145	2025-11-29 21:15:16.216288
608	50	6	6.20	135	2025-11-29 21:15:16.216288
609	51	6	1.70	295	2025-11-29 21:15:16.216288
610	52	6	4.20	195	2025-11-29 21:15:16.216288
611	54	6	2.20	115	2025-11-29 21:15:16.216288
612	55	6	1.20	145	2025-11-29 21:15:16.216288
613	56	6	1.20	145	2025-11-29 21:15:16.216288
614	57	6	1.70	175	2025-11-29 21:15:16.216288
615	58	6	14.50	75	2025-11-29 21:15:16.216288
616	67	6	3.70	695	2025-11-29 21:15:16.216288
617	68	6	3.50	645	2025-11-29 21:15:16.216288
618	66	6	4.20	575	2025-11-29 21:15:16.216288
619	73	6	2.70	795	2025-11-29 21:15:16.216288
620	74	6	3.20	395	2025-11-29 21:15:16.216288
621	75	6	4.70	195	2025-11-29 21:15:16.216288
622	71	6	7.70	295	2025-11-29 21:15:16.216288
623	78	6	6.20	975	2025-11-29 21:15:16.216288
624	81	6	13.50	235	2025-11-29 21:15:16.216288
625	82	6	4.70	395	2025-11-29 21:15:16.216288
626	84	6	4.20	445	2025-11-29 21:15:16.216288
627	83	6	5.70	215	2025-11-29 21:15:16.216288
628	88	6	7.20	495	2025-11-29 21:15:16.216288
629	89	6	6.70	495	2025-11-29 21:15:16.216288
630	90	6	5.20	595	2025-11-29 21:15:16.216288
631	91	6	5.70	395	2025-11-29 21:15:16.216288
632	87	6	8.70	295	2025-11-29 21:15:16.216288
633	93	6	34.50	275	2025-11-29 21:15:16.216288
634	94	6	31.50	195	2025-11-29 21:15:16.216288
635	96	6	29.50	245	2025-11-29 21:15:16.216288
636	97	6	17.50	395	2025-11-29 21:15:16.216288
637	98	6	21.50	295	2025-11-29 21:15:16.216288
638	99	6	15.50	345	2025-11-29 21:15:16.216288
639	100	6	12.50	195	2025-11-29 21:15:16.216288
640	101	6	27.50	245	2025-11-29 21:15:16.216288
641	102	6	25.50	195	2025-11-29 21:15:16.216288
642	106	6	24.50	175	2025-11-29 21:15:16.216288
643	107	6	39.00	115	2025-11-29 21:15:16.216288
644	109	6	31.50	195	2025-11-29 21:15:16.216288
645	111	6	4.70	475	2025-11-29 21:15:16.216288
646	112	6	5.70	575	2025-11-29 21:15:16.216288
647	113	6	6.70	275	2025-11-29 21:15:16.216288
648	114	6	7.20	275	2025-11-29 21:15:16.216288
649	115	6	24.50	195	2025-11-29 21:15:16.216288
650	116	6	34.50	145	2025-11-29 21:15:16.216288
651	117	6	29.50	175	2025-11-29 21:15:16.216288
652	120	6	27.50	145	2025-11-29 21:15:16.216288
653	123	6	19.50	175	2025-11-29 21:15:16.216288
654	127	6	1.10	2050	2025-11-29 21:15:16.216288
655	128	6	0.50	1550	2025-11-29 21:15:16.216288
656	129	6	0.80	825	2025-11-29 21:15:16.216288
657	130	6	11.50	395	2025-11-29 21:15:16.216288
658	131	6	2.20	495	2025-11-29 21:15:16.216288
659	132	6	4.70	795	2025-11-29 21:15:16.216288
660	134	6	34.50	145	2025-11-29 21:15:16.216288
661	136	6	19.50	195	2025-11-29 21:15:16.216288
662	137	6	7.70	395	2025-11-29 21:15:16.216288
663	138	6	9.70	295	2025-11-29 21:15:16.216288
664	139	6	8.70	345	2025-11-29 21:15:16.216288
665	140	6	39.50	75	2025-11-29 21:15:16.216288
666	141	6	11.50	295	2025-11-29 21:15:16.216288
667	145	6	14.50	195	2025-11-29 21:15:16.216288
668	146	6	17.50	145	2025-11-29 21:15:16.216288
669	149	6	21.50	115	2025-11-29 21:15:16.216288
670	150	6	5.70	295	2025-11-29 21:15:16.216288
671	1	7	3.55	470	2025-11-29 21:15:39.221848
672	2	7	5.90	185	2025-11-29 21:15:39.221848
673	3	7	4.90	275	2025-11-29 21:15:39.221848
674	4	7	3.05	395	2025-11-29 21:15:39.221848
675	5	7	2.55	570	2025-11-29 21:15:39.221848
676	6	7	2.95	305	2025-11-29 21:15:39.221848
677	7	7	7.90	155	2025-11-29 21:15:39.221848
678	8	7	12.20	175	2025-11-29 21:15:39.221848
679	9	7	14.20	125	2025-11-29 21:15:39.221848
680	10	7	18.20	85	2025-11-29 21:15:39.221848
681	11	7	10.20	145	2025-11-29 21:15:39.221848
682	13	7	8.20	80	2025-11-29 21:15:39.221848
683	14	7	7.10	255	2025-11-29 21:15:39.221848
684	15	7	4.10	205	2025-11-29 21:15:39.221848
685	16	7	5.60	305	2025-11-29 21:15:39.221848
686	17	7	6.10	205	2025-11-29 21:15:39.221848
687	18	7	15.80	58	2025-11-29 21:15:39.221848
688	20	7	7.10	155	2025-11-29 21:15:39.221848
689	21	7	4.60	185	2025-11-29 21:15:39.221848
690	23	7	9.10	125	2025-11-29 21:15:39.221848
691	26	7	6.10	88	2025-11-29 21:15:39.221848
692	31	7	5.10	395	2025-11-29 21:15:39.221848
693	32	7	4.60	505	2025-11-29 21:15:39.221848
694	33	7	4.10	305	2025-11-29 21:15:39.221848
695	34	7	2.60	255	2025-11-29 21:15:39.221848
696	35	7	2.10	155	2025-11-29 21:15:39.221848
697	36	7	2.60	125	2025-11-29 21:15:39.221848
698	37	7	3.60	205	2025-11-29 21:15:39.221848
699	38	7	3.10	155	2025-11-29 21:15:39.221848
700	39	7	1.60	105	2025-11-29 21:15:39.221848
701	40	7	6.20	78	2025-11-29 21:15:39.221848
702	41	7	5.70	88	2025-11-29 21:15:39.221848
703	42	7	3.10	205	2025-11-29 21:15:39.221848
704	43	7	3.60	305	2025-11-29 21:15:39.221848
705	44	7	4.10	255	2025-11-29 21:15:39.221848
706	45	7	8.10	155	2025-11-29 21:15:39.221848
707	46	7	10.20	105	2025-11-29 21:15:39.221848
708	47	7	9.10	125	2025-11-29 21:15:39.221848
709	48	7	6.10	185	2025-11-29 21:15:39.221848
710	49	7	7.10	155	2025-11-29 21:15:39.221848
711	50	7	6.60	145	2025-11-29 21:15:39.221848
712	51	7	2.10	305	2025-11-29 21:15:39.221848
713	52	7	4.60	205	2025-11-29 21:15:39.221848
714	53	7	5.10	98	2025-11-29 21:15:39.221848
715	54	7	2.60	125	2025-11-29 21:15:39.221848
716	55	7	1.60	155	2025-11-29 21:15:39.221848
717	56	7	1.60	155	2025-11-29 21:15:39.221848
718	66	7	4.55	605	2025-11-29 21:15:39.221848
719	67	7	4.10	705	2025-11-29 21:15:39.221848
720	68	7	3.90	665	2025-11-29 21:15:39.221848
721	70	7	4.40	385	2025-11-29 21:15:39.221848
722	73	7	3.10	805	2025-11-29 21:15:39.221848
723	74	7	3.60	405	2025-11-29 21:15:39.221848
724	75	7	5.10	205	2025-11-29 21:15:39.221848
725	71	7	8.10	305	2025-11-29 21:15:39.221848
726	78	7	6.60	985	2025-11-29 21:15:39.221848
727	79	7	8.10	305	2025-11-29 21:15:39.221848
728	80	7	15.20	205	2025-11-29 21:15:39.221848
729	81	7	14.10	245	2025-11-29 21:15:39.221848
730	82	7	5.10	405	2025-11-29 21:15:39.221848
731	83	7	6.10	225	2025-11-29 21:15:39.221848
732	84	7	4.60	455	2025-11-29 21:15:39.221848
733	85	7	5.80	265	2025-11-29 21:15:39.221848
734	88	7	7.60	505	2025-11-29 21:15:39.221848
735	89	7	7.10	505	2025-11-29 21:15:39.221848
736	90	7	5.60	605	2025-11-29 21:15:39.221848
737	91	7	6.10	405	2025-11-29 21:15:39.221848
738	93	7	35.20	295	2025-11-29 21:15:39.221848
739	94	7	32.20	205	2025-11-29 21:15:39.221848
740	95	7	45.80	145	2025-11-29 21:15:39.221848
741	96	7	30.50	255	2025-11-29 21:15:39.221848
742	97	7	18.20	405	2025-11-29 21:15:39.221848
743	98	7	22.20	305	2025-11-29 21:15:39.221848
744	99	7	16.20	355	2025-11-29 21:15:39.221848
745	100	7	13.20	205	2025-11-29 21:15:39.221848
746	101	7	28.20	255	2025-11-29 21:15:39.221848
747	102	7	26.20	205	2025-11-29 21:15:39.221848
748	103	7	37.50	155	2025-11-29 21:15:39.221848
749	104	7	41.00	95	2025-11-29 21:15:39.221848
750	106	7	25.20	185	2025-11-29 21:15:39.221848
751	108	7	35.50	98	2025-11-29 21:15:39.221848
752	109	7	32.20	205	2025-11-29 21:15:39.221848
753	111	7	5.10	505	2025-11-29 21:15:39.221848
754	112	7	6.10	605	2025-11-29 21:15:39.221848
755	113	7	7.10	305	2025-11-29 21:15:39.221848
756	114	7	7.60	305	2025-11-29 21:15:39.221848
757	115	7	25.20	205	2025-11-29 21:15:39.221848
758	116	7	35.20	155	2025-11-29 21:15:39.221848
759	117	7	30.50	185	2025-11-29 21:15:39.221848
760	118	7	29.00	105	2025-11-29 21:15:39.221848
761	120	7	28.50	155	2025-11-29 21:15:39.221848
762	122	7	12.20	205	2025-11-29 21:15:39.221848
763	123	7	20.50	185	2025-11-29 21:15:39.221848
764	125	7	15.20	255	2025-11-29 21:15:39.221848
765	127	7	1.22	2000	2025-11-29 21:15:39.221848
766	128	7	0.50	1520	2025-11-29 21:15:39.221848
767	129	7	0.80	780	2025-11-29 21:15:39.221848
768	130	7	12.20	405	2025-11-29 21:15:39.221848
769	131	7	2.60	505	2025-11-29 21:15:39.221848
770	132	7	5.10	805	2025-11-29 21:15:39.221848
771	133	7	6.90	305	2025-11-29 21:15:39.221848
772	134	7	36.50	155	2025-11-29 21:15:39.221848
773	135	7	24.50	82	2025-11-29 21:15:39.221848
774	136	7	20.80	205	2025-11-29 21:15:39.221848
775	137	7	8.10	405	2025-11-29 21:15:39.221848
776	138	7	10.20	305	2025-11-29 21:15:39.221848
777	139	7	9.10	355	2025-11-29 21:15:39.221848
778	140	7	41.50	78	2025-11-29 21:15:39.221848
779	141	7	12.20	305	2025-11-29 21:15:39.221848
780	142	7	34.50	88	2025-11-29 21:15:39.221848
781	145	7	15.20	205	2025-11-29 21:15:39.221848
782	146	7	18.20	155	2025-11-29 21:15:39.221848
783	147	7	20.50	98	2025-11-29 21:15:39.221848
784	149	7	22.50	125	2025-11-29 21:15:39.221848
785	150	7	6.10	305	2025-11-29 21:15:39.221848
786	101	\N	29.20	240	2025-12-02 17:44:11.167056
\.


--
-- TOC entry 5203 (class 0 OID 16442)
-- Dependencies: 224
-- Data for Name: precios; Type: TABLE DATA; Schema: public; Owner: postgres
--

COPY public.precios (id_precio, id_producto, id_mercado, fecha, precio_unitario, observaciones, fuente, fecha_registro) FROM stdin;
\.


--
-- TOC entry 5224 (class 0 OID 17666)
-- Dependencies: 245
-- Data for Name: prediccion; Type: TABLE DATA; Schema: public; Owner: postgres
--

COPY public.prediccion (id_prediccion, precio_estimado, nivel_confianza, tendencia, fecha_prediccion, fecha_objetivo, modelo_usado) FROM stdin;
\.


--
-- TOC entry 5209 (class 0 OID 17526)
-- Dependencies: 230
-- Data for Name: producto; Type: TABLE DATA; Schema: public; Owner: postgres
--

COPY public.producto (id_producto, nombre_producto, categoria, unidad_medida, descripcion, fecha_registro, activo) FROM stdin;
1	Plátano	Frutas	kg	Plátano maduro o verde, variedad local	2025-11-29 18:43:33.332312	t
2	Mandarina	Frutas	kg	Mandarina dulce de los valles	2025-11-29 18:43:33.332312	t
3	Naranja	Frutas	kg	Naranja jugosa para jugo o consumo directo	2025-11-29 18:43:33.332312	t
4	Papaya	Frutas	kg	Papaya madura del trópico boliviano	2025-11-29 18:43:33.332312	t
5	Sandía	Frutas	kg	Sandía grande y dulce	2025-11-29 18:43:33.332312	t
6	Melón	Frutas	kg	Melón amarillo o verde	2025-11-29 18:43:33.332312	t
7	Piña	Frutas	unidad	Piña tropical del Chapare	2025-11-29 18:43:33.332312	t
8	Manzana	Frutas	kg	Manzana nacional o importada	2025-11-29 18:43:33.332312	t
9	Pera	Frutas	kg	Pera de valle o importada	2025-11-29 18:43:33.332312	t
10	Uva	Frutas	kg	Uva negra o verde de Tarija	2025-11-29 18:43:33.332312	t
11	Durazno	Frutas	kg	Durazno de valle, variedad local	2025-11-29 18:43:33.332312	t
12	Chirimoya	Frutas	kg	Chirimoya de los valles	2025-11-29 18:43:33.332312	t
13	Tumbo	Frutas	kg	Tumbo (maracuyá de altura)	2025-11-29 18:43:33.332312	t
14	Achachairú	Frutas	kg	Achachairú del oriente boliviano	2025-11-29 18:43:33.332312	t
15	Coco	Frutas	unidad	Coco fresco del trópico	2025-11-29 18:43:33.332312	t
16	Mango	Frutas	kg	Mango dulce del oriente	2025-11-29 18:43:33.332312	t
17	Limón	Frutas	kg	Limón verde para cocina	2025-11-29 18:43:33.332312	t
18	Frutilla	Frutas	kg	Frutilla (fresa) de valle	2025-11-29 18:43:33.332312	t
19	Mora	Frutas	kg	Mora de valle	2025-11-29 18:43:33.332312	t
20	Maracuyá	Frutas	kg	Maracuyá del trópico	2025-11-29 18:43:33.332312	t
21	Guayaba	Frutas	kg	Guayaba rosada del oriente	2025-11-29 18:43:33.332312	t
22	Carambola	Frutas	kg	Carambola (fruta estrella)	2025-11-29 18:43:33.332312	t
23	Ciruela	Frutas	kg	Ciruela roja de valle	2025-11-29 18:43:33.332312	t
24	Higo	Frutas	kg	Higo fresco de valle	2025-11-29 18:43:33.332312	t
25	Membrillo	Frutas	kg	Membrillo para dulce	2025-11-29 18:43:33.332312	t
26	Tuna	Frutas	kg	Tuna (fruta de cactus)	2025-11-29 18:43:33.332312	t
27	Damasco	Frutas	kg	Damasco (albaricoque) de valle	2025-11-29 18:43:33.332312	t
28	Granada	Frutas	kg	Granada roja	2025-11-29 18:43:33.332312	t
29	Kiwi	Frutas	kg	Kiwi importado	2025-11-29 18:43:33.332312	t
30	Arándano	Frutas	kg	Arándano nacional de Cochabamba	2025-11-29 18:43:33.332312	t
31	Tomate	Verduras	kg	Tomate redondo para ensalada	2025-11-29 18:43:33.332312	t
32	Cebolla	Verduras	kg	Cebolla blanca o morada	2025-11-29 18:43:33.332312	t
33	Zanahoria	Verduras	kg	Zanahoria fresca de valle	2025-11-29 18:43:33.332312	t
34	Lechuga	Verduras	unidad	Lechuga criolla o crespa	2025-11-29 18:43:33.332312	t
35	Acelga	Verduras	atado	Acelga verde de hoja grande	2025-11-29 18:43:33.332312	t
36	Espinaca	Verduras	atado	Espinaca fresca de valle	2025-11-29 18:43:33.332312	t
37	Remolacha	Verduras	kg	Remolacha (beterraga) roja	2025-11-29 18:43:33.332312	t
38	Nabo	Verduras	kg	Nabo blanco de valle	2025-11-29 18:43:33.332312	t
39	Rabanito	Verduras	atado	Rabanito rojo pequeño	2025-11-29 18:43:33.332312	t
40	Brócoli	Verduras	unidad	Brócoli verde fresco	2025-11-29 18:43:33.332312	t
41	Coliflor	Verduras	unidad	Coliflor blanca	2025-11-29 18:43:33.332312	t
42	Repollo	Verduras	unidad	Repollo verde o morado	2025-11-29 18:43:33.332312	t
43	Zapallo	Verduras	kg	Zapallo (calabaza) verde o anaranjado	2025-11-29 18:43:33.332312	t
44	Pepino	Verduras	kg	Pepino verde para ensalada	2025-11-29 18:43:33.332312	t
45	Pimentón	Verduras	kg	Pimentón (pimiento) rojo o verde	2025-11-29 18:43:33.332312	t
46	Locoto	Verduras	kg	Locoto boliviano picante	2025-11-29 18:43:33.332312	t
48	Vainita	Verduras	kg	Vainita (ejote) verde	2025-11-29 18:43:33.332312	t
49	Arveja	Verduras	kg	Arveja verde fresca en vaina	2025-11-29 18:43:33.332312	t
50	Haba	Verduras	kg	Haba verde fresca	2025-11-29 18:43:33.332312	t
51	Choclo	Verduras	unidad	Choclo (maíz tierno) fresco	2025-11-29 18:43:33.332312	t
52	Zapallito	Verduras	kg	Zapallito italiano (zucchini)	2025-11-29 18:43:33.332312	t
53	Berenjena	Verduras	kg	Berenjena morada	2025-11-29 18:43:33.332312	t
54	Apio	Verduras	atado	Apio verde aromático	2025-11-29 18:43:33.332312	t
55	Perejil	Verduras	atado	Perejil crespo o liso	2025-11-29 18:43:33.332312	t
56	Culantro	Verduras	atado	Culantro (cilantro) fresco	2025-11-29 18:43:33.332312	t
57	Cebolla de Verdeo	Verduras	atado	Cebolla de verdeo con tallo	2025-11-29 18:43:33.332312	t
58	Ajo	Verduras	kg	Ajo nacional o importado	2025-11-29 18:43:33.332312	t
59	Jengibre	Verduras	kg	Jengibre fresco	2025-11-29 18:43:33.332312	t
60	Puerro	Verduras	atado	Puerro de hoja verde	2025-11-29 18:43:33.332312	t
61	Albahaca	Verduras	atado	Albahaca aromática	2025-11-29 18:43:33.332312	t
62	Orégano	Verduras	atado	Orégano fresco	2025-11-29 18:43:33.332312	t
63	Lechuga Romana	Verduras	unidad	Lechuga romana larga	2025-11-29 18:43:33.332312	t
64	Col China	Verduras	unidad	Col china (pak choi)	2025-11-29 18:43:33.332312	t
65	Rúcula	Verduras	atado	Rúcula fresca de hoja pequeña	2025-11-29 18:43:33.332312	t
66	Papa Imilla	Tubérculos	kg	Papa negra del altiplano	2025-11-29 18:43:33.332312	t
67	Papa Holandesa	Tubérculos	kg	Papa amarilla de valle	2025-11-29 18:43:33.332312	t
68	Papa Runa	Tubérculos	kg	Papa blanca de valle	2025-11-29 18:43:33.332312	t
69	Papa Huaycha	Tubérculos	kg	Papa pequeña de altura	2025-11-29 18:43:33.332312	t
70	Papa Desirée	Tubérculos	kg	Papa rosada	2025-11-29 18:43:33.332312	t
71	Chuño	Tubérculos	kg	Papa deshidratada del altiplano	2025-11-29 18:43:33.332312	t
72	Tunta	Tubérculos	kg	Papa blanca deshidratada	2025-11-29 18:43:33.332312	t
73	Yuca	Tubérculos	kg	Yuca (mandioca) del trópico	2025-11-29 18:43:33.332312	t
74	Camote	Tubérculos	kg	Camote (batata) amarillo	2025-11-29 18:43:33.332312	t
75	Oca	Tubérculos	kg	Oca andina de altura	2025-11-29 18:43:33.332312	t
76	Papalisa	Tubérculos	kg	Papalisa (ulluco) andino	2025-11-29 18:43:33.332312	t
77	Isaño	Tubérculos	kg	Isaño (mashua) andino	2025-11-29 18:43:33.332312	t
78	Arroz Grano Largo	Cereales	kg	Arroz blanco de grano largo	2025-11-29 18:43:33.332312	t
79	Arroz Integral	Cereales	kg	Arroz integral con cáscara	2025-11-29 18:43:33.332312	t
80	Quinua Real	Cereales	kg	Quinua real del altiplano	2025-11-29 18:43:33.332312	t
81	Quinua Perlada	Cereales	kg	Quinua blanca lavada	2025-11-29 18:43:33.332312	t
82	Maíz Blanco	Cereales	kg	Maíz blanco para mote	2025-11-29 18:43:33.332312	t
83	Maíz Kulli	Cereales	kg	Maíz morado para chicha	2025-11-29 18:43:33.332312	t
84	Maíz Amarillo	Cereales	kg	Maíz amarillo desgranado	2025-11-29 18:43:33.332312	t
85	Trigo	Cereales	kg	Trigo en grano	2025-11-29 18:43:33.332312	t
86	Cebada	Cereales	kg	Cebada perlada	2025-11-29 18:43:33.332312	t
87	Avena	Cereales	kg	Avena en hojuelas	2025-11-29 18:43:33.332312	t
88	Fideo Cabello de Ángel	Cereales	kg	Fideos finos	2025-11-29 18:43:33.332312	t
89	Fideo Codito	Cereales	kg	Fideos en forma de codo	2025-11-29 18:43:33.332312	t
90	Harina de Trigo	Cereales	kg	Harina blanca para pan	2025-11-29 18:43:33.332312	t
91	Harina de Maíz	Cereales	kg	Harina amarilla de maíz	2025-11-29 18:43:33.332312	t
92	Sémola	Cereales	kg	Sémola de trigo	2025-11-29 18:43:33.332312	t
93	Carne de Res	Carnes	kg	Carne de res fresca pulpa	2025-11-29 18:43:33.332312	t
94	Costilla de Res	Carnes	kg	Costilla de res con hueso	2025-11-29 18:43:33.332312	t
95	Lomo de Res	Carnes	kg	Lomo fino de res	2025-11-29 18:43:33.332312	t
96	Carne Molida	Carnes	kg	Carne de res molida	2025-11-29 18:43:33.332312	t
97	Pollo Entero	Carnes	kg	Pollo fresco entero	2025-11-29 18:43:33.332312	t
98	Pechuga de Pollo	Carnes	kg	Pechuga de pollo sin hueso	2025-11-29 18:43:33.332312	t
99	Pierna de Pollo	Carnes	kg	Pierna y encuentro de pollo	2025-11-29 18:43:33.332312	t
100	Ala de Pollo	Carnes	kg	Ala de pollo	2025-11-29 18:43:33.332312	t
101	Carne de Cerdo	Carnes	kg	Carne de cerdo fresca	2025-11-29 18:43:33.332312	t
102	Costilla de Cerdo	Carnes	kg	Costilla de cerdo	2025-11-29 18:43:33.332312	t
103	Chicharrón	Carnes	kg	Chicharrón de cerdo	2025-11-29 18:43:33.332312	t
104	Carne de Cordero	Carnes	kg	Carne de cordero fresca	2025-11-29 18:43:33.332312	t
105	Charque de Llama	Carnes	kg	Charque (carne seca) de llama	2025-11-29 18:43:33.332312	t
106	Pescado Sábalo	Carnes	kg	Pescado sábalo del río	2025-11-29 18:43:33.332312	t
107	Pescado Surubí	Carnes	kg	Surubí del oriente	2025-11-29 18:43:33.332312	t
108	Trucha	Carnes	kg	Trucha de río o cultivo	2025-11-29 18:43:33.332312	t
109	Chorizo	Carnes	kg	Chorizo criollo	2025-11-29 18:43:33.332312	t
110	Salchicha	Carnes	kg	Salchicha de cerdo o res	2025-11-29 18:43:33.332312	t
111	Leche Fresca	Lácteos	litro	Leche fresca de vaca	2025-11-29 18:43:33.332312	t
112	Leche en Bolsa	Lácteos	litro	Leche entera pasteurizada	2025-11-29 18:43:33.332312	t
113	Yogurt Natural	Lácteos	litro	Yogurt natural sin sabor	2025-11-29 18:43:33.332312	t
114	Yogurt de Frutilla	Lácteos	litro	Yogurt con sabor a frutilla	2025-11-29 18:43:33.332312	t
115	Queso Criollo	Lácteos	kg	Queso fresco criollo	2025-11-29 18:43:33.332312	t
116	Queso Mozzarella	Lácteos	kg	Queso mozzarella	2025-11-29 18:43:33.332312	t
117	Queso Paria	Lácteos	kg	Queso paria del altiplano	2025-11-29 18:43:33.332312	t
118	Queso Fundido	Lácteos	kg	Queso fundido suave	2025-11-29 18:43:33.332312	t
119	Queso de Cabra	Lácteos	kg	Queso artesanal de cabra	2025-11-29 18:43:33.332312	t
120	Mantequilla	Lácteos	kg	Mantequilla con sal	2025-11-29 18:43:33.332312	t
121	Manteca	Lácteos	kg	Manteca de cerdo	2025-11-29 18:43:33.332312	t
122	Crema de Leche	Lácteos	litro	Crema de leche líquida	2025-11-29 18:43:33.332312	t
123	Quesillo	Lácteos	kg	Quesillo fresco tipo ricota	2025-11-29 18:43:33.332312	t
124	Cuajada	Lácteos	kg	Cuajada fresca	2025-11-29 18:43:33.332312	t
125	Manjar	Lácteos	kg	Manjar (dulce de leche)	2025-11-29 18:43:33.332312	t
126	Leche Condensada	Lácteos	kg	Leche condensada dulce	2025-11-29 18:43:33.332312	t
127	Huevo	Otros	unidad	Huevo fresco de gallina	2025-11-29 18:43:33.332312	t
128	Pan Marraqueta	Otros	unidad	Pan francés tradicional	2025-11-29 18:43:33.332312	t
129	Pan de Batalla	Otros	unidad	Pan integral de batalla	2025-11-29 18:43:33.332312	t
130	Aceite Vegetal	Otros	litro	Aceite vegetal de cocina	2025-11-29 18:43:33.332312	t
131	Sal	Otros	kg	Sal refinada de mesa	2025-11-29 18:43:33.332312	t
132	Azúcar	Otros	kg	Azúcar blanca refinada	2025-11-29 18:43:33.332312	t
133	Azúcar Morena	Otros	kg	Azúcar morena integral	2025-11-29 18:43:33.332312	t
134	Café Molido	Otros	kg	Café yungas molido	2025-11-29 18:43:33.332312	t
135	Té Negro	Otros	kg	Té negro en hebras	2025-11-29 18:43:33.332312	t
136	Coca	Otros	kg	Hoja de coca yungas	2025-11-29 18:43:33.332312	t
137	Frijol	Otros	kg	Frijol negro o rojo	2025-11-29 18:43:33.332312	t
138	Garbanzo	Otros	kg	Garbanzo seco	2025-11-29 18:43:33.332312	t
139	Lenteja	Otros	kg	Lenteja seca	2025-11-29 18:43:33.332312	t
140	Miel de Abeja	Otros	kg	Miel pura de abeja	2025-11-29 18:43:33.332312	t
141	Maní	Otros	kg	Maní tostado sin cáscara	2025-11-29 18:43:33.332312	t
142	Nuez	Otros	kg	Nuez de nogal	2025-11-29 18:43:33.332312	t
143	Almendra	Otros	kg	Almendra pelada	2025-11-29 18:43:33.332312	t
144	Pasas	Otros	kg	Pasas de uva secas	2025-11-29 18:43:33.332312	t
145	Ají Colorado Molido	Otros	kg	Ají colorado seco molido	2025-11-29 18:43:33.332312	t
146	Comino	Otros	kg	Comino en grano o molido	2025-11-29 18:43:33.332312	t
147	Canela	Otros	kg	Canela en rama	2025-11-29 18:43:33.332312	t
148	Clavo de Olor	Otros	kg	Clavo de olor entero	2025-11-29 18:43:33.332312	t
149	Pimienta Negra	Otros	kg	Pimienta negra en grano	2025-11-29 18:43:33.332312	t
150	Vinagre	Otros	litro	Vinagre blanco de mesa	2025-11-29 18:43:33.332312	t
151	Arroz	Otros	kg	Arroz blanco	2025-12-02 19:06:04.764986	f
47	Ají	Verduras	kg	Ají verde o amarillo o rojo	2025-11-29 18:43:33.332312	t
\.


--
-- TOC entry 5201 (class 0 OID 16421)
-- Dependencies: 222
-- Data for Name: productos; Type: TABLE DATA; Schema: public; Owner: postgres
--

COPY public.productos (id_producto, nombre, id_categoria, unidad_medida, descripcion, fecha_registro, activo) FROM stdin;
1	Tomates	5	kg	Verdura de color rojo	2025-11-02 22:58:12.986052	t
2	Bananas	5	kg	Fruta Amarilla Curiosa	2025-11-02 23:01:46.904322	t
3	Cebola	3	kg		2025-11-02 23:28:31.389673	f
4	Tomatoad	5	kg	Hola	2025-11-03 01:45:36.461105	t
\.


--
-- TOC entry 5222 (class 0 OID 17650)
-- Dependencies: 243
-- Data for Name: transaccion; Type: TABLE DATA; Schema: public; Owner: postgres
--

COPY public.transaccion (id_transaccion, id_mercado, fecha_venta, total, cantidad, observaciones) FROM stdin;
\.


--
-- TOC entry 5205 (class 0 OID 17495)
-- Dependencies: 226
-- Data for Name: usuario; Type: TABLE DATA; Schema: public; Owner: postgres
--

COPY public.usuario (id_usuario, nombre_usuario, nombre, app, apm, rol_en_mercado, fecha_registro, password_hash, activo) FROM stdin;
4	vendedor_13deabril	María Elena	López	García	Vendedor - Mercado 13 de Abril	2025-11-30 14:11:46.374868	\N	t
5	vendedor_paititi	Carlos Alberto	Méndez	Torres	Vendedor - Mercado Paititi	2025-11-30 14:11:46.374868	\N	t
6	vendedor_campesino	Ana Lucía	Vargas	Sánchez	Vendedor - Mercado Campesino	2025-11-30 14:11:46.374868	\N	t
7	vendedor_pompeya	Luis Fernando	Cortez	Morales	Vendedor - Mercado Pompeya	2025-11-30 14:11:46.374868	\N	t
8	vendedor_central	Rosa María	Gutiérrez	Ramírez	Vendedor - Mercado Central	2025-11-30 14:11:46.374868	\N	t
9	vendedor_cochabamba	Pedro José	Castro	Flores	Vendedor - Mercado Cochabamba	2025-11-30 14:11:46.374868	\N	t
10	vendedor_lafamilia	Carmen Julia	Rojas	Vega	Vendedor - Mercado LA FAMILIA	2025-11-30 14:11:46.374868	\N	t
11	analista_precios	Jorge Luis	Martínez	Silva	Analista de Precios	2025-11-30 14:11:46.374868	\N	t
12	analista_mercado	Sofía Andrea	Núñez	Chávez	Analista de Mercado	2025-11-30 14:11:46.374868	\N	t
13	consultor_externo	Ricardo Manuel	Fernández	Ortiz	Consultor	2025-11-30 14:11:46.374868	\N	t
1	admin	Juan Carlos	Pérez	Rodríguez	Administrador	2025-11-29 18:38:22.759572	\N	t
\.


--
-- TOC entry 5249 (class 0 OID 0)
-- Dependencies: 247
-- Name: alerta_id_alerta_seq; Type: SEQUENCE SET; Schema: public; Owner: postgres
--

SELECT pg_catalog.setval('public.alerta_id_alerta_seq', 11, true);


--
-- TOC entry 5250 (class 0 OID 0)
-- Dependencies: 227
-- Name: categorias_id_categoria_seq; Type: SEQUENCE SET; Schema: public; Owner: postgres
--

SELECT pg_catalog.setval('public.categorias_id_categoria_seq', 9, true);


--
-- TOC entry 5251 (class 0 OID 0)
-- Dependencies: 235
-- Name: consulta_precio_id_consulta_seq; Type: SEQUENCE SET; Schema: public; Owner: postgres
--

SELECT pg_catalog.setval('public.consulta_precio_id_consulta_seq', 1, false);


--
-- TOC entry 5252 (class 0 OID 0)
-- Dependencies: 237
-- Name: factor_influyente_id_factor_seq; Type: SEQUENCE SET; Schema: public; Owner: postgres
--

SELECT pg_catalog.setval('public.factor_influyente_id_factor_seq', 1, false);


--
-- TOC entry 5253 (class 0 OID 0)
-- Dependencies: 233
-- Name: historial_p_id_historial_seq; Type: SEQUENCE SET; Schema: public; Owner: postgres
--

SELECT pg_catalog.setval('public.historial_p_id_historial_seq', 58, true);


--
-- TOC entry 5254 (class 0 OID 0)
-- Dependencies: 231
-- Name: mercado_id_mercado_seq; Type: SEQUENCE SET; Schema: public; Owner: postgres
--

SELECT pg_catalog.setval('public.mercado_id_mercado_seq', 8, true);


--
-- TOC entry 5255 (class 0 OID 0)
-- Dependencies: 219
-- Name: mercados_id_mercado_seq; Type: SEQUENCE SET; Schema: public; Owner: postgres
--

SELECT pg_catalog.setval('public.mercados_id_mercado_seq', 1, false);


--
-- TOC entry 5256 (class 0 OID 0)
-- Dependencies: 240
-- Name: oferta_id_oferta_seq; Type: SEQUENCE SET; Schema: public; Owner: postgres
--

SELECT pg_catalog.setval('public.oferta_id_oferta_seq', 786, true);


--
-- TOC entry 5257 (class 0 OID 0)
-- Dependencies: 223
-- Name: precios_id_precio_seq; Type: SEQUENCE SET; Schema: public; Owner: postgres
--

SELECT pg_catalog.setval('public.precios_id_precio_seq', 1, false);


--
-- TOC entry 5258 (class 0 OID 0)
-- Dependencies: 244
-- Name: prediccion_id_prediccion_seq; Type: SEQUENCE SET; Schema: public; Owner: postgres
--

SELECT pg_catalog.setval('public.prediccion_id_prediccion_seq', 1, false);


--
-- TOC entry 5259 (class 0 OID 0)
-- Dependencies: 229
-- Name: producto_id_producto_seq; Type: SEQUENCE SET; Schema: public; Owner: postgres
--

SELECT pg_catalog.setval('public.producto_id_producto_seq', 151, true);


--
-- TOC entry 5260 (class 0 OID 0)
-- Dependencies: 221
-- Name: productos_id_producto_seq; Type: SEQUENCE SET; Schema: public; Owner: postgres
--

SELECT pg_catalog.setval('public.productos_id_producto_seq', 4, true);


--
-- TOC entry 5261 (class 0 OID 0)
-- Dependencies: 242
-- Name: transaccion_id_transaccion_seq; Type: SEQUENCE SET; Schema: public; Owner: postgres
--

SELECT pg_catalog.setval('public.transaccion_id_transaccion_seq', 1, false);


--
-- TOC entry 5262 (class 0 OID 0)
-- Dependencies: 225
-- Name: usuario_id_usuario_seq; Type: SEQUENCE SET; Schema: public; Owner: postgres
--

SELECT pg_catalog.setval('public.usuario_id_usuario_seq', 13, true);


-- Completed on 2025-12-02 21:30:09

--
-- PostgreSQL database dump complete
--

\unrestrict fgSsY4RITFn49bh92IbciANDYuISbMK0fiT8uMnVocydxM9KAM3NbzGHhVOLgi4

